[{"model": "auth.permission", "pk": 1, "fields": {"name": "Can add log entry", "content_type": 1, "codename": "add_logentry"}}, {"model": "auth.permission", "pk": 2, "fields": {"name": "Can change log entry", "content_type": 1, "codename": "change_logentry"}}, {"model": "auth.permission", "pk": 3, "fields": {"name": "Can delete log entry", "content_type": 1, "codename": "delete_logentry"}}, {"model": "auth.permission", "pk": 4, "fields": {"name": "Can view log entry", "content_type": 1, "codename": "view_logentry"}}, {"model": "auth.permission", "pk": 5, "fields": {"name": "Can add permission", "content_type": 2, "codename": "add_permission"}}, {"model": "auth.permission", "pk": 6, "fields": {"name": "Can change permission", "content_type": 2, "codename": "change_permission"}}, {"model": "auth.permission", "pk": 7, "fields": {"name": "Can delete permission", "content_type": 2, "codename": "delete_permission"}}, {"model": "auth.permission", "pk": 8, "fields": {"name": "Can view permission", "content_type": 2, "codename": "view_permission"}}, {"model": "auth.permission", "pk": 9, "fields": {"name": "Can add group", "content_type": 3, "codename": "add_group"}}, {"model": "auth.permission", "pk": 10, "fields": {"name": "Can change group", "content_type": 3, "codename": "change_group"}}, {"model": "auth.permission", "pk": 11, "fields": {"name": "Can delete group", "content_type": 3, "codename": "delete_group"}}, {"model": "auth.permission", "pk": 12, "fields": {"name": "Can view group", "content_type": 3, "codename": "view_group"}}, {"model": "auth.permission", "pk": 13, "fields": {"name": "Can add content type", "content_type": 4, "codename": "add_contenttype"}}, {"model": "auth.permission", "pk": 14, "fields": {"name": "Can change content type", "content_type": 4, "codename": "change_contenttype"}}, {"model": "auth.permission", "pk": 15, "fields": {"name": "Can delete content type", "content_type": 4, "codename": "delete_contenttype"}}, {"model": "auth.permission", "pk": 16, "fields": {"name": "Can view content type", "content_type": 4, "codename": "view_contenttype"}}, {"model": "auth.permission", "pk": 17, "fields": {"name": "Can add session", "content_type": 5, "codename": "add_session"}}, {"model": "auth.permission", "pk": 18, "fields": {"name": "Can change session", "content_type": 5, "codename": "change_session"}}, {"model": "auth.permission", "pk": 19, "fields": {"name": "Can delete session", "content_type": 5, "codename": "delete_session"}}, {"model": "auth.permission", "pk": 20, "fields": {"name": "Can view session", "content_type": 5, "codename": "view_session"}}, {"model": "auth.permission", "pk": 21, "fields": {"name": "Can add \u041a\u0430\u0442\u0435\u0433\u043e\u0440\u0438\u044f", "content_type": 6, "codename": "add_category"}}, {"model": "auth.permission", "pk": 22, "fields": {"name": "Can change \u041a\u0430\u0442\u0435\u0433\u043e\u0440\u0438\u044f", "content_type": 6, "codename": "change_category"}}, {"model": "auth.permission", "pk": 23, "fields": {"name": "Can delete \u041a\u0430\u0442\u0435\u0433\u043e\u0440\u0438\u044f", "content_type": 6, "codename": "delete_category"}}, {"model": "auth.permission", "pk": 24, "fields": {"name": "Can view \u041a\u0430\u0442\u0435\u0433\u043e\u0440\u0438\u044f", "content_type": 6, "codename": "view_category"}}, {"model": "auth.permission", "pk": 25, "fields": {"name": "Can add \u0422\u043e\u0432\u0430\u0440", "content_type": 7, "codename": "add_product"}}, {"model": "auth.permission", "pk": 26, "fields": {"name": "Can change \u0422\u043e\u0432\u0430\u0440", "content_type": 7, "codename": "change_product"}}, {"model": "auth.permission", "pk": 27, "fields": {"name": "Can delete \u0422\u043e\u0432\u0430\u0440", "content_type": 7, "codename": "delete_product"}}, {"model": "auth.permission", "pk": 28, "fields": {"name": "Can view \u0422\u043e\u0432\u0430\u0440", "content_type": 7, "codename": "view_product"}}, {"model": "auth.permission", "pk": 29, "fields": {"name": "Can add \u041f\u043e\u0434\u043a\u0430\u0442\u0435\u0433\u043e\u0440\u0438\u044f", "content_type": 8, "codename": "add_subcategory"}}, {"model": "auth.permission", "pk": 30, "fields": {"name": "Can change \u041f\u043e\u0434\u043a\u0430\u0442\u0435\u0433\u043e\u0440\u0438\u044f", "content_type": 8, "codename": "change_subcategory"}}, {"model": "auth.permission", "pk": 31, "fields": {"name": "Can delete \u041f\u043e\u0434\u043a\u0430\u0442\u0435\u0433\u043e\u0440\u0438\u044f", "content_type": 8, "codename": "delete_subcategory"}}, {"model": "auth.permission", "pk": 32, "fields": {"name": "Can view \u041f\u043e\u0434\u043a\u0430\u0442\u0435\u0433\u043e\u0440\u0438\u044f", "content_type": 8, "codename": "view_subcategory"}}, {"model": "auth.permission", "pk": 33, "fields": {"name": "Can add user", "content_type": 9, "codename": "add_shopuser"}}, {"model": "auth.permission", "pk": 34, "fields": {"name": "Can change user", "content_type": 9, "codename": "change_shopuser"}}, {"model": "auth.permission", "pk": 35, "fields": {"name": "Can delete user", "content_type": 9, "codename": "delete_shopuser"}}, {"model": "auth.permission", "pk": 36, "fields": {"name": "Can view user", "content_type": 9, "codename": "view_shopuser"}}, {"model": "auth.permission", "pk": 37, "fields": {"name": "Can add basket", "content_type": 10, "codename": "add_basket"}}, {"model": "auth.permission", "pk": 38, "fields": {"name": "Can change basket", "content_type": 10, "codename": "change_basket"}}, {"model": "auth.permission", "pk": 39, "fields": {"name": "Can delete basket", "content_type": 10, "codename": "delete_basket"}}, {"model": "auth.permission", "pk": 40, "fields": {"name": "Can view basket", "content_type": 10, "codename": "view_basket"}}, {"model": "auth.permission", "pk": 41, "fields": {"name": "Can add association", "content_type": 11, "codename": "add_association"}}, {"model": "auth.permission", "pk": 42, "fields": {"name": "Can change association", "content_type": 11, "codename": "change_association"}}, {"model": "auth.permission", "pk": 43, "fields": {"name": "Can delete association", "content_type": 11, "codename": "delete_association"}}, {"model": "auth.permission", "pk": 44, "fields": {"name": "Can view association", "content_type": 11, "codename": "view_association"}}, {"model": "auth.permission", "pk": 45, "fields": {"name": "Can add code", "content_type": 12, "codename": "add_code"}}, {"model": "auth.permission", "pk": 46, "fields": {"name": "Can change code", "content_type": 12, "codename": "change_code"}}, {"model": "auth.permission", "pk": 47, "fields": {"name": "Can delete code", "content_type": 12, "codename": "delete_code"}}, {"model": "auth.permission", "pk": 48, "fields": {"name": "Can view code", "content_type": 12, "codename": "view_code"}}, {"model": "auth.permission", "pk": 49, "fields": {"name": "Can add nonce", "content_type": 13, "codename": "add_nonce"}}, {"model": "auth.permission", "pk": 50, "fields": {"name": "Can change nonce", "content_type": 13, "codename": "change_nonce"}}, {"model": "auth.permission", "pk": 51, "fields": {"name": "Can delete nonce", "content_type": 13, "codename": "delete_nonce"}}, {"model": "auth.permission", "pk": 52, "fields": {"name": "Can view nonce", "content_type": 13, "codename": "view_nonce"}}, {"model": "auth.permission", "pk": 53, "fields": {"name": "Can add user social auth", "content_type": 14, "codename": "add_usersocialauth"}}, {"model": "auth.permission", "pk": 54, "fields": {"name": "Can change user social auth", "content_type": 14, "codename": "change_usersocialauth"}}, {"model": "auth.permission", "pk": 55, "fields": {"name": "Can delete user social auth", "content_type": 14, "codename": "delete_usersocialauth"}}, {"model": "auth.permission", "pk": 56, "fields": {"name": "Can view user social auth", "content_type": 14, "codename": "view_usersocialauth"}}, {"model": "auth.permission", "pk": 57, "fields": {"name": "Can add partial", "content_type": 15, "codename": "add_partial"}}, {"model": "auth.permission", "pk": 58, "fields": {"name": "Can change partial", "content_type": 15, "codename": "change_partial"}}, {"model": "auth.permission", "pk": 59, "fields": {"name": "Can delete partial", "content_type": 15, "codename": "delete_partial"}}, {"model": "auth.permission", "pk": 60, "fields": {"name": "Can view partial", "content_type": 15, "codename": "view_partial"}}, {"model": "auth.permission", "pk": 61, "fields": {"name": "Can add shop user profile", "content_type": 16, "codename": "add_shopuserprofile"}}, {"model": "auth.permission", "pk": 62, "fields": {"name": "Can change shop user profile", "content_type": 16, "codename": "change_shopuserprofile"}}, {"model": "auth.permission", "pk": 63, "fields": {"name": "Can delete shop user profile", "content_type": 16, "codename": "delete_shopuserprofile"}}, {"model": "auth.permission", "pk": 64, "fields": {"name": "Can view shop user profile", "content_type": 16, "codename": "view_shopuserprofile"}}, {"model": "auth.permission", "pk": 65, "fields": {"name": "Can add \u0437\u0430\u043a\u0430\u0437", "content_type": 17, "codename": "add_order"}}, {"model": "auth.permission", "pk": 66, "fields": {"name": "Can change \u0437\u0430\u043a\u0430\u0437", "content_type": 17, "codename": "change_order"}}, {"model": "auth.permission", "pk": 67, "fields": {"name": "Can delete \u0437\u0430\u043a\u0430\u0437", "content_type": 17, "codename": "delete_order"}}, {"model": "auth.permission", "pk": 68, "fields": {"name": "Can view \u0437\u0430\u043a\u0430\u0437", "content_type": 17, "codename": "view_order"}}, {"model": "auth.permission", "pk": 69, "fields": {"name": "Can add order item", "content_type": 18, "codename": "add_orderitem"}}, {"model": "auth.permission", "pk": 70, "fields": {"name": "Can change order item", "content_type": 18, "codename": "change_orderitem"}}, {"model": "auth.permission", "pk": 71, "fields": {"name": "Can delete order item", "content_type": 18, "codename": "delete_orderitem"}}, {"model": "auth.permission", "pk": 72, "fields": {"name": "Can view order item", "content_type": 18, "codename": "view_orderitem"}}, {"model": "sessions.session", "pk": "7lcbtu2lpt91b23o0fqccufdo8f27zix", "fields": {"session_data": "YTIzMTVlODYzYzM1ODY5NjdmMzBhZjE2OWUyZTFiMTJiZTI4NmRiYjp7Il9hdXRoX3VzZXJfaWQiOiIxMCIsIl9hdXRoX3VzZXJfYmFja2VuZCI6ImRqYW5nby5jb250cmliLmF1dGguYmFja2VuZHMuTW9kZWxCYWNrZW5kIiwiX2F1dGhfdXNlcl9oYXNoIjoiNjY2MTRmMTdmOGRlNjUzNWFhYTczM2E2NzFjNjlkMGE2NDJiZTRhNCJ9", "expire_date": "2019-05-27T22:34:55.964Z"}}, {"model": "sessions.session", "pk": "ukfx6lszat0v15umrklskz42j0vm75aa", "fields": {"session_data": "ZmU0N2YyY2ViMjBlZGQ4N2VhOTlkN2FiOTcwNDk0ODc5OGY2OTM0OTp7InZrLW9hdXRoMl9zdGF0ZSI6Inlpd2tudEEwZ1haOU9XNzB2WExRRE55RWpzVHFwTjF3IiwiX2F1dGhfdXNlcl9pZCI6IjQ5IiwiX2F1dGhfdXNlcl9iYWNrZW5kIjoiZGphbmdvLmNvbnRyaWIuYXV0aC5iYWNrZW5kcy5Nb2RlbEJhY2tlbmQiLCJfYXV0aF91c2VyX2hhc2giOiJiMTBmY2Y0NzI1NGYzM2JhNzJkZjNhM2RiZjg0Y2E4YmUxNWFhNmY1In0=", "expire_date": "2019-05-17T09:38:02.084Z"}}, {"model": "mainapp.category", "pk": 1, "fields": {"parent": null, "nesting_level": 0, "name": "\u0420\u043e\u0433\u0430", "description": "", "image_preview": "", "image": "", "is_active": true}}, {"model": "mainapp.category", "pk": 2, "fields": {"parent": null, "nesting_level": 0, "name": "\u041a\u043e\u043f\u044b\u0442\u0430", "description": "", "image_preview": "", "image": "", "is_active": true}}, {"model": "mainapp.category", "pk": 3, "fields": {"parent": 1, "nesting_level": 1, "name": "\u0420\u043e\u0433\u0430 \u043e\u043b\u0435\u043d\u044c\u0438", "description": "", "image_preview": "", "image": "", "is_active": true}}, {"model": "mainapp.category", "pk": 4, "fields": {"parent": 2, "nesting_level": 1, "name": "\u041a\u043e\u043f\u044b\u0442\u0430 \u043a\u043e\u0440\u043e\u0432\u044c\u0438", "description": "", "image_preview": "", "image": "", "is_active": true}}, {"model": "mainapp.category", "pk": 52, "fields": {"parent": 1, "nesting_level": 1, "name": "\u0440\u043e\u0433\u04301", "description": "", "image_preview": "", "image": "", "is_active": false}}, {"model": "mainapp.category", "pk": 53, "fields": {"parent": 1, "nesting_level": 1, "name": "\u0440\u043e\u0433\u04301-\u0440\u043e\u0433\u04302", "description": "", "image_preview": "", "image": "", "is_active": false}}, {"model": "mainapp.product", "pk": 1, "fields": {"category": 4, "name": "\u041a\u043e\u043f\u044b\u0442\u0430 \u043d\u0430 \u0448\u043f\u0438\u043b\u044c\u043a\u0435", "image": "products_images/hoof1_tCtODlW.jpg", "image_preview": "products_images/preview/hoof1_RJClk6c.jpg", "short_desc": "\u041a\u043e\u043f\u044b\u0442\u0430 \u043d\u0430 \u0448\u043f\u0438\u043b\u044c\u043a\u0435 \u043a\u0440\u0430\u0442\u043a\u043e\u0435 \u043e\u043f\u0438\u0441\u0430\u043d\u0438\u0435", "description": "\u041a\u043e\u043f\u044b\u0442\u0430 \u043d\u0430 \u0448\u043f\u0438\u043b\u044c\u043a\u0435 \u0434\u043b\u0438\u043d\u043d\u043e\u0435 \u043f\u0440\u0435\u0434\u043b\u0438\u043d\u043d\u043e\u0435 \u043e\u043f\u0438\u0441\u0430\u043d\u0438\u0435, \u043f\u043e\u0432\u0442\u043e\u0440\u044f\u044e\u0449\u0435\u0435\u0441\u044f \u043d\u0435\u0441\u043a\u043e\u043b\u044c\u043a\u043e \u0440\u0430\u0437\u041a\u043e\u043f\u044b\u0442\u0430 \u043d\u0430 \u0448\u043f\u0438\u043b\u044c\u043a\u0435 \u0434\u043b\u0438\u043d\u043d\u043e\u0435 \u043f\u0440\u0435\u0434\u043b\u0438\u043d\u043d\u043e\u0435 \u043e\u043f\u0438\u0441\u0430\u043d\u0438\u0435, \u043f\u043e\u0432\u0442\u043e\u0440\u044f\u044e\u0449\u0435\u0435\u0441\u044f \u043d\u0435\u0441\u043a\u043e\u043b\u044c\u043a\u043e \u0440\u0430\u0437\u041a\u043e\u043f\u044b\u0442\u0430 \u043d\u0430 \u0448\u043f\u0438\u043b\u044c\u043a\u0435 \u0434\u043b\u0438\u043d\u043d\u043e\u0435 \u043f\u0440\u0435\u0434\u043b\u0438\u043d\u043d\u043e\u0435 \u043e\u043f\u0438\u0441\u0430\u043d\u0438\u0435, \u043f\u043e\u0432\u0442\u043e\u0440\u044f\u044e\u0449\u0435\u0435\u0441\u044f \u043d\u0435\u0441\u043a\u043e\u043b\u044c\u043a\u043e \u0440\u0430\u0437\u041a\u043e\u043f\u044b\u0442\u0430 \u043d\u0430 \u0448\u043f\u0438\u043b\u044c\u043a\u0435 \u0434\u043b\u0438\u043d\u043d\u043e\u0435 \u043f\u0440\u0435\u0434\u043b\u0438\u043d\u043d\u043e\u0435 \u043e\u043f\u0438\u0441\u0430\u043d\u0438\u0435, \u043f\u043e\u0432\u0442\u043e\u0440\u044f\u044e\u0449\u0435\u0435\u0441\u044f \u043d\u0435\u0441\u043a\u043e\u043b\u044c\u043a\u043e \u0440\u0430\u0437", "price": "90000.00", "SKU": "", "quantity": 107, "is_active": true}}, {"model": "mainapp.product", "pk": 2, "fields": {"category": 4, "name": "\u041a\u043e\u043f\u044b\u0442\u0430 \u0431\u0435\u043b\u044b\u0435", "image": "products_images/hoof2_S3UwyEU.jpg", "image_preview": "products_images/preview/hoof2_PC3hRRi.jpg", "short_desc": "", "description": "", "price": "19000.00", "SKU": "", "quantity": 109, "is_active": true}}, {"model": "mainapp.product", "pk": 3, "fields": {"category": 4, "name": "\u041a\u043e\u043f\u044b\u0442\u0430 \u0447\u0451\u0440\u043d\u044b\u0435", "image": "products_images/hoof3_i8TwsC8.jpg", "image_preview": "products_images/preview/hoof3_vqZ9OfX.jpg", "short_desc": "", "description": "", "price": "15000.00", "SKU": "", "quantity": 101, "is_active": true}}, {"model": "mainapp.product", "pk": 4, "fields": {"category": 3, "name": "\u0420\u043e\u0433\u0430 \u0440\u043e\u0441\u0441\u044b\u043f\u044c\u044e", "image": "products_images/horn3_DY5S4Za.jpg", "image_preview": "products_images/preview/horn3_VMeT3dp.jpg", "short_desc": "\u041a\u0440\u0430\u0442\u043a\u043e\u0435 \u043e\u043f\u0438\u0441\u0430\u043d\u0438\u0435 \u0440\u043e\u0433\u043e\u0432 \u0440\u043e\u0441\u0441\u044b\u043f\u044c\u044e", "description": "\u041e\u0441\u043d\u043e\u0432\u043d\u043e\u0435 \u043e\u043f\u0438\u0441\u0430\u043d\u0438\u0435 \u0440\u043e\u0433\u043e\u0432 \u0440\u043e\u0441\u0441\u044b\u043f\u044c\u044e. \u041e\u0441\u043d\u043e\u0432\u043d\u043e\u0435 \u043e\u043f\u0438\u0441\u0430\u043d\u0438\u0435 \u0440\u043e\u0433\u043e\u0432 \u0440\u043e\u0441\u0441\u044b\u043f\u044c\u044e. \u041e\u0441\u043d\u043e\u0432\u043d\u043e\u0435 \u043e\u043f\u0438\u0441\u0430\u043d\u0438\u0435 \u0440\u043e\u0433\u043e\u0432 \u0440\u043e\u0441\u0441\u044b\u043f\u044c\u044e. \u041e\u0441\u043d\u043e\u0432\u043d\u043e\u0435 \u043e\u043f\u0438\u0441\u0430\u043d\u0438\u0435 \u0440\u043e\u0433\u043e\u0432 \u0440\u043e\u0441\u0441\u044b\u043f\u044c\u044e. \u041e\u0441\u043d\u043e\u0432\u043d\u043e\u0435 \u043e\u043f\u0438\u0441\u0430\u043d\u0438\u0435 \u0440\u043e\u0433\u043e\u0432 \u0440\u043e\u0441\u0441\u044b\u043f\u044c\u044e.", "price": "50000.00", "SKU": "", "quantity": 109, "is_active": true}}, {"model": "mainapp.product", "pk": 5, "fields": {"category": 3, "name": "\u0420\u043e\u0433\u0430 \u043d\u0430 \u043f\u043e\u0434\u0441\u0442\u0430\u0432\u043a\u0435", "image": "products_images/horn2_saZ2aEq.jpg", "image_preview": "products_images/preview/horn2_rzbLfoH.jpg", "short_desc": "\u0428\u043e\u0440\u0442\u0414\u0435\u0441\u043a \u0434\u043b\u044f \u0440\u043e\u0433\u043e\u0432 \u043d\u0430 \u043f\u043e\u0434\u0441\u0442\u0430\u0432\u043a\u0435", "description": "\u041b\u043e\u043d\u0433 \u0434\u0435\u0441\u043a\u0440\u0438\u043f\u0448\u043d \u0444\u043e\u0440 \u0420\u043e\u0433\u0430 \u043d\u0430 \u043f\u043e\u0434\u0441\u0442\u0430\u0432\u043a\u0435. \u041b\u043e\u043d\u0433 \u0434\u0435\u0441\u043a\u0440\u0438\u043f\u0448\u043d \u0444\u043e\u0440 \u0420\u043e\u0433\u0430 \u043d\u0430 \u043f\u043e\u0434\u0441\u0442\u0430\u0432\u043a\u0435. \u041b\u043e\u043d\u0433 \u0434\u0435\u0441\u043a\u0440\u0438\u043f\u0448\u043d \u0444\u043e\u0440 \u0420\u043e\u0433\u0430 \u043d\u0430 \u043f\u043e\u0434\u0441\u0442\u0430\u0432\u043a\u0435. \u041b\u043e\u043d\u0433 \u0434\u0435\u0441\u043a\u0440\u0438\u043f\u0448\u043d \u0444\u043e\u0440 \u0420\u043e\u0433\u0430 \u043d\u0430 \u043f\u043e\u0434\u0441\u0442\u0430\u0432\u043a\u0435. \u041b\u043e\u043d\u0433 \u0434\u0435\u0441\u043a\u0440\u0438\u043f\u0448\u043d \u0444\u043e\u0440 \u0420\u043e\u0433\u0430 \u043d\u0430 \u043f\u043e\u0434\u0441\u0442\u0430\u0432\u043a\u0435.", "price": "17500.00", "SKU": "", "quantity": 105, "is_active": true}}, {"model": "authapp.shopuser", "pk": 10, "fields": {"password": "pbkdf2_sha256$120000$YrcArMY1T6lv$LyKxgBGbublFPce9530/8Kl4srO4Uv/8KTh8rv+fZ/I=", "last_login": "2019-05-13T22:34:55.655Z", "is_superuser": true, "username": "django", "first_name": "Django (Admin)", "last_name": "", "is_staff": true, "date_joined": "2019-04-26T21:03:02.682Z", "email": "dj@gb.local", "avatar": "", "age": 33, "is_active": true, "activation_key": "", "activation_key_expires": "2019-04-30T10:28:42.745Z", "groups": [], "user_permissions": []}}, {"model": "authapp.shopuser", "pk": 50, "fields": {"password": "!Vvy3mM7v47kHzO3g2QrYCALnTAKbWS8MqtMuiyTj", "last_login": "2019-05-13T22:33:10.016Z", "is_superuser": false, "username": "chessk", "first_name": "\u0410\u043d\u0434\u0440\u0435\u0439", "last_name": "\u0428\u043c\u0438\u0434\u0442", "is_staff": false, "date_joined": "2019-05-03T10:42:26.923Z", "email": "andrey.ouc@gmail.com", "avatar": "", "age": 18, "is_active": true, "activation_key": "", "activation_key_expires": "2019-05-05T10:42:26.923Z", "groups": [], "user_permissions": []}}, {"model": "authapp.shopuser", "pk": 53, "fields": {"password": "!vrww7Um32IWEcoXOeml8CmKYwhT7S7ACHhXMt5oZ", "last_login": "2019-05-13T22:34:32.559Z", "is_superuser": false, "username": "geekbrains7", "first_name": "\u0410\u043d\u0434\u0440\u0435\u0439", "last_name": "\u0428\u043c\u0438\u0434\u0442", "is_staff": false, "date_joined": "2019-05-03T12:22:10.511Z", "email": "geekbrains7@gmail.com", "avatar": "", "age": 18, "is_active": true, "activation_key": "", "activation_key_expires": "2019-05-05T12:22:10.511Z", "groups": [], "user_permissions": []}}, {"model": "authapp.shopuser", "pk": 54, "fields": {"password": "!Kjf35RGJ6W7PNsK5l9lGc5hUqF8dgPST1HJueI0N", "last_login": "2019-05-04T12:26:01.997Z", "is_superuser": false, "username": "gbtest79", "first_name": "\u0410\u043d\u0434\u0440\u0435\u04399", "last_name": "\u0428\u043c\u0438\u0434\u0442", "is_staff": false, "date_joined": "2019-05-04T12:26:00.300Z", "email": "gbtest79@gmail.com", "avatar": "", "age": 18, "is_active": true, "activation_key": "", "activation_key_expires": "2019-05-06T12:26:00.300Z", "groups": [], "user_permissions": []}}, {"model": "authapp.shopuserprofile", "pk": 1, "fields": {"user": 10, "tagline": "", "aboutMe": "", "gender": "", "locale": "", "vk_link": "", "vk_photo": ""}}, {"model": "authapp.shopuserprofile", "pk": 32, "fields": {"user": 50, "tagline": "", "aboutMe": "", "gender": "M", "locale": "", "vk_link": "https://vk.com/id118819", "vk_photo": "https://pp.userapi.com/NIL60uwSRBbK6vjBoIjP2zrHIVb4pjgNnHXouA/cb_fxZ1dNdY.jpg?ava=1"}}, {"model": "authapp.shopuserprofile", "pk": 35, "fields": {"user": 53, "tagline": "\u0442\u0435\u04331, \u0442\u0435\u04332", "aboutMe": "", "gender": "M", "locale": "ru", "vk_link": "", "vk_photo": ""}}, {"model": "authapp.shopuserprofile", "pk": 36, "fields": {"user": 54, "tagline": "", "aboutMe": "", "gender": "", "locale": "ru", "vk_link": "", "vk_photo": ""}}, {"model": "ordersapp.order", "pk": 1, "fields": {"user": 10, "created": "2019-05-12T12:16:34.504Z", "updated": "2019-05-13T21:58:40.339Z", "status": "CNC", "is_active": true}}, {"model": "ordersapp.order", "pk": 2, "fields": {"user": 10, "created": "2019-05-12T12:18:54.843Z", "updated": "2019-05-13T23:08:00.234Z", "status": "FM", "is_active": false}}, {"model": "ordersapp.order", "pk": 3, "fields": {"user": 10, "created": "2019-05-13T13:23:41.765Z", "updated": "2019-05-13T20:26:50.775Z", "status": "RDY", "is_active": false}}, {"model": "ordersapp.order", "pk": 4, "fields": {"user": 10, "created": "2019-05-13T22:22:26.588Z", "updated": "2019-05-17T10:23:30.963Z", "status": "FM", "is_active": true}}, {"model": "ordersapp.order", "pk": 5, "fields": {"user": 10, "created": "2019-05-13T22:22:39.679Z", "updated": "2019-05-13T22:23:04.779Z", "status": "PD", "is_active": true}}, {"model": "ordersapp.order", "pk": 6, "fields": {"user": 50, "created": "2019-05-13T22:33:35.000Z", "updated": "2019-05-13T22:33:35.322Z", "status": "FM", "is_active": true}}, {"model": "ordersapp.order", "pk": 7, "fields": {"user": 53, "created": "2019-05-13T22:34:50.656Z", "updated": "2019-05-13T22:35:23.242Z", "status": "RDY", "is_active": true}}, {"model": "ordersapp.order", "pk": 8, "fields": {"user": 10, "created": "2019-05-13T22:36:48.276Z", "updated": "2019-05-13T22:38:11.708Z", "status": "RDY", "is_active": true}}, {"model": "ordersapp.order", "pk": 9, "fields": {"user": 10, "created": "2019-05-13T22:37:18.083Z", "updated": "2019-05-13T23:07:50.235Z", "status": "PRD", "is_active": false}}, {"model": "ordersapp.order", "pk": 10, "fields": {"user": 10, "created": "2019-05-13T23:00:45.206Z", "updated": "2019-05-13T23:00:51.823Z", "status": "FM", "is_active": false}}, {"model": "ordersapp.order", "pk": 11, "fields": {"user": 10, "created": "2019-05-13T23:01:04.620Z", "updated": "2019-05-13T23:05:14.869Z", "status": "FM", "is_active": false}}, {"model": "ordersapp.order", "pk": 12, "fields": {"user": 10, "created": "2019-05-17T10:22:48.332Z", "updated": "2019-05-17T10:22:58.897Z", "status": "FM", "is_active": false}}, {"model": "ordersapp.orderitem", "pk": 1, "fields": {"order": 1, "product": 2, "quantity": 4}}, {"model": "ordersapp.orderitem", "pk": 5, "fields": {"order": 2, "product": 5, "quantity": 8}}, {"model": "ordersapp.orderitem", "pk": 6, "fields": {"order": 2, "product": 2, "quantity": 7}}, {"model": "ordersapp.orderitem", "pk": 7, "fields": {"order": 2, "product": 4, "quantity": 8}}, {"model": "ordersapp.orderitem", "pk": 8, "fields": {"order": 2, "product": 5, "quantity": 7}}, {"model": "ordersapp.orderitem", "pk": 9, "fields": {"order": 2, "product": 3, "quantity": 2}}, {"model": "ordersapp.orderitem", "pk": 10, "fields": {"order": 2, "product": 5, "quantity": 3}}, {"model": "ordersapp.orderitem", "pk": 11, "fields": {"order": 2, "product": 1, "quantity": 4}}, {"model": "ordersapp.orderitem", "pk": 12, "fields": {"order": 2, "product": 4, "quantity": 5}}, {"model": "ordersapp.orderitem", "pk": 13, "fields": {"order": 3, "product": 1, "quantity": 3}}, {"model": "ordersapp.orderitem", "pk": 14, "fields": {"order": 3, "product": 4, "quantity": 3}}, {"model": "ordersapp.orderitem", "pk": 16, "fields": {"order": 3, "product": 2, "quantity": 2}}, {"model": "ordersapp.orderitem", "pk": 17, "fields": {"order": 4, "product": 1, "quantity": 2}}, {"model": "ordersapp.orderitem", "pk": 19, "fields": {"order": 4, "product": 5, "quantity": 3}}, {"model": "ordersapp.orderitem", "pk": 20, "fields": {"order": 5, "product": 4, "quantity": 15}}, {"model": "ordersapp.orderitem", "pk": 21, "fields": {"order": 5, "product": 3, "quantity": 12}}, {"model": "ordersapp.orderitem", "pk": 22, "fields": {"order": 6, "product": 4, "quantity": 4}}, {"model": "ordersapp.orderitem", "pk": 23, "fields": {"order": 6, "product": 2, "quantity": 5}}, {"model": "ordersapp.orderitem", "pk": 24, "fields": {"order": 6, "product": 5, "quantity": 5}}, {"model": "ordersapp.orderitem", "pk": 25, "fields": {"order": 7, "product": 1, "quantity": 5}}, {"model": "ordersapp.orderitem", "pk": 26, "fields": {"order": 7, "product": 2, "quantity": 7}}, {"model": "ordersapp.orderitem", "pk": 27, "fields": {"order": 8, "product": 3, "quantity": 4}}, {"model": "ordersapp.orderitem", "pk": 28, "fields": {"order": 8, "product": 4, "quantity": 4}}, {"model": "ordersapp.orderitem", "pk": 29, "fields": {"order": 9, "product": 5, "quantity": 1}}, {"model": "ordersapp.orderitem", "pk": 30, "fields": {"order": 9, "product": 5, "quantity": 1}}, {"model": "ordersapp.orderitem", "pk": 31, "fields": {"order": 9, "product": 5, "quantity": 2}}, {"model": "ordersapp.orderitem", "pk": 32, "fields": {"order": 4, "product": 3, "quantity": 1}}, {"model": "ordersapp.orderitem", "pk": 33, "fields": {"order": 12, "product": 4, "quantity": 7}}, {"model": "social_django.usersocialauth", "pk": 5, "fields": {"user": 50, "provider": "vk-oauth2", "uid": "118819", "extra_data": "{\"auth_time\": 1557786789, \"id\": 118819, \"expires\": 86399, \"access_token\": \"3c1e7d4620ab90ec1a86e75ffafba435278ae12850cfa786530d54dcd36cdf575719d81a6f92b77a537e7\", \"token_type\": null}"}}, {"model": "social_django.usersocialauth", "pk": 8, "fields": {"user": 53, "provider": "google-oauth2", "uid": "geekbrains7@gmail.com", "extra_data": "{\"auth_time\": 1557786872, \"expires\": 3600, \"token_type\": \"Bearer\", \"access_token\": \"ya29.GlsJB1UONuYA7uK0HMTchHQRDL4ll5Frmg7b8HxboLkwu-6weOkWT6Rjk-2VTOqZyBTDwAG9vKgqRcPvErP6GymMDiAKontg4F5aZ7FfsevMJoORPo8LxhlQ--oL\"}"}}, {"model": "social_django.usersocialauth", "pk": 9, "fields": {"user": 54, "provider": "google-oauth2", "uid": "gbtest79@gmail.com", "extra_data": "{\"auth_time\": 1556972760, \"expires\": 3600, \"token_type\": \"Bearer\", \"access_token\": \"ya29.Glv_Br28z3Trx-ZL3Fw4ANUbFnVisqRUvHadwpEbeIahQpkzc7Fu0EPY2QBR8lq4HYcymI3SnLaRRgyETNwAMc1_Eazrp9rb2-4l9jH2ak3tXVhuviWNxlWDOnmT\"}"}}]